<TreeRepair>
        <BasicSafetyMessage>
                <typeId>BSM</typeId>
                <fix_xml_arrays>
                 </fix_xml_arrays>
                <del_unnecessary_nodes>
                 </del_unnecessary_nodes>
        </BasicSafetyMessage>
        <MapData>
                <typeId>MAP_P</typeId>
                <fix_xml_arrays>
                        <path>MapData.intersections</path>
                        <path>MapData.intersections..laneSet</path>
                        <path>MapData.intersections..laneSet..nodeList.nodes</path>
                        <path>MapData.intersections..laneSet..connectsTo</path>
                        <path>MapData.roadSegments</path>
                        <path>MapData.roadSegments..roadLaneSet</path>
                        <path>MapData.roadSegments..roadLaneSet..nodeList.nodes</path>
                        <path>MapData.roadSegments..roadLaneSet..connectsTo</path>
                </fix_xml_arrays>
                <del_unnecessary_nodes>
                        <path>MapData.intersections..laneSet..nodeList.nodes..delta</path>
                        <path>MapData.roadSegments..roadLaneSet..nodeList.nodes..delta</path>
                </del_unnecessary_nodes>
                <flatten_node>
                        <path>MapData.intersections..laneSet..laneAttributes.laneType</path>
                        <path>MapData.roadSegments..roadLaneSet..laneAttributes.laneType</path>
                </flatten_node>
        </MapData>
        <SPAT>
                <typeId>SPAT_P</typeId>
                <fix_xml_arrays>
                        <path>SPAT.intersections</path>
                        <path>SPAT.intersections..states</path>
                        <path>SPAT.intersections..maneuverAssistList</path>
                </fix_xml_arrays>
                <flatten_node>
                        <path>SPAT.intersections..states..state-time-speed.MovementEvent.eventState</path>
                        <path>SPAT.intersections..maneuverAssistList..pedBicycleDetect</path>
                </flatten_node>
        </SPAT>
        <LocationMessage>
            <typeId>Location</typeId>
            <fix_xml_arrays>
             </fix_xml_arrays>
            <del_unnecessary_nodes>
             </del_unnecessary_nodes>
        </LocationMessage>
        <PersonalSafetyMessage>
            <typeId>PSM</typeId>
            <flatten_node>
                <path>PersonalSafetyMessage.basicType</path>
                <path>PersonalSafetyMessage.clusterSize</path>
            </flatten_node>
            <fix_xml_arrays>
                <path>PersonalSafetyMessage.pathHistory.crumbData.pathHistoryPointSets-01</path>
            </fix_xml_arrays>
        </PersonalSafetyMessage>
        <PersonalMobilityMessage>
            <typeId>PMM</typeId>
            <fix_xml_arrays>
                <path>PersonalMobilityMessage.mobilityNeeds</path>
            </fix_xml_arrays>
            <flatten_node>
                <path>PersonalMobilityMessage.status</path>
                <path>PersonalMobilityMessage.modeOfTransport</path>
                <path>PersonalMobilityMessage.mobilityNeeds..type</path>
                <path>PersonalMobilityMessage.isDSRCEquipped</path>
            </flatten_node>
        </PersonalMobilityMessage>
        <RoadSideAlert>
            <typeId>RoadSideAlert</typeId>
            <flatten_node>
                <path>RoadSideAlert.msgID</path>
                <path>RoadSideAlert.extent</path>
            </flatten_node>
        </RoadSideAlert>
        <TravelerInformation>
            <typeId>TravelerInformation</typeId>
            <fix_xml_arrays>
                <path>TravelerInformation.dataFrames</path>
                <path>TravelerInformation.dataFrames..regions</path>
                <path>TravelerInformation.dataFrames..regions..area.shapePointSet.nodeList</path>
                <path>TravelerInformation.dataFrames..content.advisory</path>
            </fix_xml_arrays>
            <flatten_node>
            	<path>TravelerInformation.msgID</path>
                <path>TravelerInformation.dataFrames..msgId</path>
                <path>TravelerInformation.dataFrames..regions..area.shapePointSet.directionality</path>
            </flatten_node>
        </TravelerInformation>
</TreeRepair>

