<?xml version="1.0"?>
<doc>
    <assembly>
        <name>Ninject.Web.Mvc</name>
    </assembly>
    <members>
        <member name="T:Ninject.Web.Mvc.ControllerMissingBindingResolver">
            <summary>
            Nissing binding resolver that creates a binding for unknown controllers.
            </summary>
        </member>
        <member name="M:Ninject.Web.Mvc.ControllerMissingBindingResolver.Resolve(Ninject.Infrastructure.Multimap{System.Type,Ninject.Planning.Bindings.IBinding},Ninject.Activation.IRequest)">
            <summary>
            Returns any bindings from the specified collection that match the specified request.
            </summary>
            <param name="bindings">The multimap of all registered bindings.</param>
            <param name="request">The request in question.</param>
            <returns>The series of matching bindings.</returns>
        </member>
        <member name="T:Ninject.Web.Mvc.FilterInjector">
            <summary>
            Injects all filters of a filter info.
            </summary>
        </member>
        <member name="T:Ninject.Web.Mvc.IFilterInjector">
            <summary>
            Injects all filters of a FiltorInfo.
            </summary>
        </member>
        <member name="M:Ninject.Web.Mvc.IFilterInjector.Inject(System.Web.Mvc.FilterInfo)">
            <summary>
            Injects all filters of the specified filter info.
            </summary>
            <param name="filterInfo">The filter info.</param>
        </member>
        <member name="F:Ninject.Web.Mvc.FilterInjector.kernel">
            <summary>
            The kernel
            </summary>
        </member>
        <member name="M:Ninject.Web.Mvc.FilterInjector.#ctor(Ninject.IKernel)">
            <summary>
            Initializes a new instance of the <see cref="T:Ninject.Web.Mvc.FilterInjector"/> class.
            </summary>
            <param name="kernel">The kernel.</param>
        </member>
        <member name="M:Ninject.Web.Mvc.FilterInjector.Inject(System.Web.Mvc.FilterInfo)">
            <summary>
            Injects all filters of the specified filter info.
            </summary>
            <param name="filterInfo">The filter info.</param>
        </member>
        <member name="T:Ninject.Web.Mvc.MvcModule">
            <summary>
            Defines the bindings and plugins of the MVC web extension.
            </summary>
        </member>
        <member name="M:Ninject.Web.Mvc.MvcModule.Load">
            <summary>
            Loads the module into the kernel.
            </summary>
        </member>
        <member name="T:Ninject.Web.Mvc.NinjectActionInvoker">
            <summary>
            An <see cref="T:System.Web.Mvc.IActionInvoker"/> that injects filters with dependencies.
            </summary>
        </member>
        <member name="F:Ninject.Web.Mvc.NinjectActionInvoker.filterInjector">
            <summary>
            The injector for filter injection.
            </summary>
        </member>
        <member name="M:Ninject.Web.Mvc.NinjectActionInvoker.#ctor(Ninject.Web.Mvc.IFilterInjector)">
            <summary>
            Initializes a new instance of the <see cref="T:Ninject.Web.Mvc.NinjectActionInvoker"/> class.
            </summary>
            <param name="filterInjector">The filter injector.</param>
        </member>
        <member name="M:Ninject.Web.Mvc.NinjectActionInvoker.GetFilters(System.Web.Mvc.ControllerContext,System.Web.Mvc.ActionDescriptor)">
            <summary>
            Gets the filters for the specified request and action.
            </summary>
            <param name="controllerContext">The controller context.</param>
            <param name="actionDescriptor">The action descriptor.</param>
            <returns>The filters.</returns>
        </member>
        <member name="T:Ninject.Web.Mvc.NinjectAsyncActionInvoker">
            <summary>
            An <see cref="T:System.Web.Mvc.IActionInvoker"/> that injects filters with dependencies.
            </summary>
        </member>
        <member name="F:Ninject.Web.Mvc.NinjectAsyncActionInvoker.filterInjector">
            <summary>
            The injector for filter injection.
            </summary>
        </member>
        <member name="M:Ninject.Web.Mvc.NinjectAsyncActionInvoker.#ctor(Ninject.Web.Mvc.IFilterInjector)">
            <summary>
            Initializes a new instance of the <see cref="T:Ninject.Web.Mvc.NinjectAsyncActionInvoker"/> class.
            </summary>
            <param name="filterInjector">The filter injector.</param>
        </member>
        <member name="M:Ninject.Web.Mvc.NinjectAsyncActionInvoker.GetFilters(System.Web.Mvc.ControllerContext,System.Web.Mvc.ActionDescriptor)">
            <summary>
            Gets the filters for the specified request and action.
            </summary>
            <param name="controllerContext">The controller context.</param>
            <param name="actionDescriptor">The action descriptor.</param>
            <returns>The filters.</returns>
        </member>
        <member name="T:Ninject.Web.Mvc.NinjectControllerFactory">
            <summary>
            A controller factory that creates <see cref="T:System.Web.Mvc.IController"/>s via Ninject.
            </summary>
        </member>
        <member name="M:Ninject.Web.Mvc.NinjectControllerFactory.#ctor(Ninject.IKernel)">
            <summary>
            Initializes a new instance of the <see cref="T:Ninject.Web.Mvc.NinjectControllerFactory"/> class.
            </summary>
            <param name="kernel">The kernel that should be used to create controllers.</param>
        </member>
        <member name="M:Ninject.Web.Mvc.NinjectControllerFactory.GetControllerInstance(System.Web.Routing.RequestContext,System.Type)">
            <summary>
            Gets a controller instance of type controllerType.
            </summary>
            <param name="requestContext">The request context.</param>
            <param name="controllerType">Type of controller to create.</param>
            <returns>The controller instance.</returns>
        </member>
        <member name="P:Ninject.Web.Mvc.NinjectControllerFactory.Kernel">
            <summary>
            Gets the kernel that will be used to create controllers.
            </summary>
        </member>
        <member name="T:Ninject.Web.Mvc.NinjectMvcHttpApplicationPlugin">
            <summary>
            The web plugin implementation for MVC
            </summary>
        </member>
        <member name="F:Ninject.Web.Mvc.NinjectMvcHttpApplicationPlugin.kernel">
            <summary>
            The kernel
            </summary>
        </member>
        <member name="M:Ninject.Web.Mvc.NinjectMvcHttpApplicationPlugin.#ctor(Ninject.IKernel)">
            <summary>
            Initializes a new instance of the <see cref="T:Ninject.Web.Mvc.NinjectMvcHttpApplicationPlugin"/> class.
            </summary>
            <param name="kernel">The kernel.</param>
        </member>
        <member name="M:Ninject.Web.Mvc.NinjectMvcHttpApplicationPlugin.GetRequestScope(Ninject.Activation.IContext)">
            <summary>
            Gets the request scope.
            </summary>
            <param name="context">The context.</param>
            <returns>The request scope.</returns>
        </member>
        <member name="M:Ninject.Web.Mvc.NinjectMvcHttpApplicationPlugin.Start">
            <summary>
            Starts this instance.
            </summary>
        </member>
        <member name="M:Ninject.Web.Mvc.NinjectMvcHttpApplicationPlugin.Stop">
            <summary>
            Stops this instance.
            </summary>
        </member>
        <member name="M:Ninject.Web.Mvc.NinjectMvcHttpApplicationPlugin.CreateControllerFactory">
            <summary>
            Creates the controller factory that is used to create the controllers.
            </summary>
            <returns>The created controller factory.</returns>
        </member>
    </members>
</doc>
